Date,news
2008-08-08,Georgia downs two Russian warplanes as countries move to brink of war BREAKING Musharraf to be impeached Russia Today Columns of troops roll into South Ossetia footage from fighting YouTube Russian tanks are moving towards the capital of South Ossetia which has reportedly been completely destroyed by Georgian artillery fire Afghan children raped with impunity official says this is sick three year old was raped and they do nothing  Russian tanks have entered South Ossetia whilst Georgia shoots down two Russian jets Breaking Georgia invades South Ossetia Russia warned it would intervene on SO side The enemy combatent trials are nothing but sham Salim Haman has been sentenced to years but will be kept longer anyway just because they feel like it Georgian troops retreat from Osettain capital presumably leaving several hundred people killed VIDEO Did the Prep Georgia for War with Russia Rice Gives Green Light for Israel to Attack Iran Says has no veto over Israeli military ops Announcing Class Action Lawsuit on Behalf of American Public Against the FBI So Russia and Georgia are at war and the NYT top story is opening ceremonies of the Olympics What fucking disgrace and yet further proof of the decline of journalism China tells Bush to stay out of other countries affairs Did World War III start today Georgia Invades South Ossetia if Russia gets involved will NATO absorb Georgia and unleash full scale war Al Qaeda Faces Islamist Backlash Condoleezza Rice The US would not act to prevent an Israeli strike on Iran Israeli Defense Minister Ehud Barak Israel is prepared for uncompromising victory in the case of military hostilities This is busy day The European Union has approved new sanctions against Iran in protest at its nuclear programme Georgia will withdraw  soldiers from Iraq to help fight off Russian forces in Georgia breakaway region of South Ossetia Why the Pentagon Thinks Attacking Iran is Bad Idea US News amp World Report Caucasus in crisis Georgia invades South Ossetia Indian shoe manufactory And again in series of you do not like your work Visitors Suffering from Mental Illnesses Banned from Olympics No Help for Mexico Kidnapping Surge
2008-08-11,Why wont America and Nato help us If they wont help us now why did we help them in Iraq Bush puts foot down on Georgian conflict Jewish Georgian minister Thanks to Israeli training we re fending off Russia Georgian army flees in disarray as Russians advance Gori abandoned to Russia without shot fired Olympic opening ceremony fireworks faked What were the Mossad with fraudulent New Zealand Passports doing in Iraq Russia angered by Israeli military sale to Georgia An American citizen living in Ossetia blames and Georgian leaders for the genocide of innocent people Welcome To World War IV Now In High Definition Georgia move mistake of monumental proportions Russia presses deeper into Georgia says regime change is goal Abhinav Bindra wins first ever Individual Olympic Gold Medal for India ship heads for Arctic to define territory Drivers in Jerusalem taxi station threaten to quit rather than work for their new boss an Arab The French Team is Stunned by Phelps and the xm Relay Team Israel and the US behind the Georgian aggression Do not believe TV neither Russian nor Georgian There are much more victims Riots are still going on in Montreal Canada because police murdered boy on Saturday China to overtake US as largest manufacturer War in South Ossetia PICS Israeli Physicians Group Condemns State Torture Russia has just beaten the United States over the head with Peak Oil Perhaps the question about the Georgia Russia conflict Russia is so much better at war So this is what it come to trading sex for food
2008-08-12,Remember that adorable year old who sang at the opening ceremonies That was fake too Russia ends Georgia operation If we had no sexual harassment we would have no children Al Qa eda is losing support in Iraq because of brutal crackdown on activities it regards as un Islamic including women buying cucumbers Ceasefire in Georgia Putin Outmaneuvers the West Why Microsoft and Intel tried to kill the XO  laptop Stratfor The Russo Georgian War and the Balance of Power Trying to Get Sense of This Whole Georgia Russia War Vote Up If You Think Georgia Started It Or Down If you Think Russia Did The US military was surprised by the timing and swiftness of the Russian military move into South Ossetia and is still trying to sort out what happened US defense official said Monday Beats War Drum as Iran Dumps the Dollar Gorbachev Georgian military attacked the South Ossetian capital of Tskhinvali with multiple rocket launchers designed to devastate large areas CNN use footage of Tskhinvali ruins to cover Georgian report VIDEO Beginning war as the Olympics were opening violates the ancient tradition of truce to conflict during the Games The IOC could respond by taking the  games away from Russia  pyramids as large as the Luxor stacked into mega city pyramid in Tokyo Bay The  Top Party Cities in the World troops still in Georgia did you know they were in Georgia in the first place Why Russias response to Georgia was right Gorbachev accuses of making serious blunder in pursuing its interest in the Caucasus region Russia Georgia and NATO Cold War Two Remember that adorable  year old who led your country into war based on evidence That was fake too War in Georgia The Israeli connection All signs point to the US encouraging Georgia to invade South Ossetia Goddamnit Bush Christopher King argues that the US and NATO are behind the Georgian invasion of South Ossetia but have misjudged Russian resolve America The New Mexico BBC NEWS Asia Pacific Extinction by man not climate
2008-08-13,refuses Israel weapons to attack Iran report When the president ordered to attack Tskhinvali the capital of South Ossetia we knew then we were doomed How come he didn realize that Israel clears troops who killed Reuters cameraman Britain policy of being tough on drugs is pointless says former civil servant who once ran the Cabinet anti drugs unit Body of  year old found in trunk Latest ransom paid kidnapping victim in Mexico Head cop quits Prez dissolves suspect elite task force China has moved  million quake survivors into prefab homes Bush announces Operation Get All Up In Russia Grill Yeah this will end well Russian forces sink Georgian ships The commander of Navy air reconnaissance squadron that provides the President and the defense secretary the airborne ability to command the nation nuclear weapons has been relieved of duty  of CNN readers Russia actions in Georgia justified USA to send fleet into Black Sea to help Georgia send troops in humanitarian aid exercise US warns against Israeli plan to strike against Iran nuclear facilities In an intriguing cyberalliance two Estonian computer experts are heading to Georgia to keep the country networks running amid an intense military confrontation with Russia The CNN Effect Georgia Schools Russia in Information Warfare Why Russias response to Georgia was right Elephants extinct by  US humanitarian missions soon in Georgia if Russia hits the US WWIII Georgia DDOS came from US sources Russian convoy heads into Georgia violating truce Israeli defence minister US against strike on Iran Gorbachev We Had No Choice Witness Russian forces head towards Tbilisi in breach of ceasefire agreement Quarter of Russians blame for conflict poll Georgian president says US military will take control of seaports and airports Pentagon denies  Nobel laureate Aleksander Solzhenitsyn accuses NATO of encircling Russia
2008-08-14,All the experts admit that we should legalise drugs War in South Osetia  pictures made by Russian soldier Swedish wrestler Ara Abrahamian throws away medal in Olympic hissy fit Russia exaggerated the death toll in South Ossetia Now only  were originally killed compared to  Missile That Killed Inside Pakistan May Have Been Launched by the CIA Rushdie Condemns Random House Refusal to Publish Novel for Fear of Muslim Retaliation Poland and US agree to missle defense deal Interesting timing Will the Russians conquer Tblisi Bet on it no seriously you can BET on it Russia exaggerating South Ossetian death toll says human rights group Musharraf expected to resign rather than face impeachment Moscow Made Plans Months Ago to Invade Georgia Why Russias response to Georgia was right Nigeria has handed over the potentially oil rich Bakassi peninsula to Cameroon The US and Poland have agreed preliminary deal on plans for the controversial US defence shield Russia apparently is sabotaging infrastructure to cripple the already battered Georgian military Bank analyst forecast Georgian crisis days early Georgia confict could set back Russia US relations for years World news guardian co uk War in the Caucasus is as much the product of an American imperial drive as local conflicts Non media photos of South Ossetia Georgia conflict Georgian TV reporter shot by Russian sniper during live broadcast video Saudi Arabia Mother moves to block child marriage Taliban wages war on humanitarian aid workers Russia World can forget about Georgia territorial integrity Darfur rebels accuse Sudan of mounting major attack Philippines Peace Advocate say Muslims need assurance Christians not out to convert them
2008-08-15,Mom of missing gay man Too bad he not  year old cheerleader then they still be looking for him Russia Poland Missile Deal Won Go Unpunished The government has been accused of creating laws that have chilling effect on freedom of expression in the UK in critical report from the UN committee on human rights The Italian government has lashed out at an influential Catholic magazine which suggested fascism might be resurfacing within the government Gorbachev Georgia started conflict in Ossetia China fakes more than your girlfriend Ethnic minority children at Olympics ceremony were fake too The UN criticism of freedom of expression in the UK are valid Russian general threatens nuclear strike on Poland as Bush demands Moscow withdraws from Georgia Russia can inspect Polish missile defence site Russia Georgia Conflict Fueled by Rush to Control Caspian Energy Resources Business Week Victory in Georgia gives Russia the edge in the struggle over access to the Caspian  billion barrels of oil and trillions of cubic feet of gas Under Soviet rule we didn believe word of our own propaganda But we have learnt that the West has its own propaganda and is more powerful because people believe it Ministers have been accused of building national DNA database by stealth by retaining profiles of nearly   children never convicted of crime Russia Georgia can forget regaining provinces Russians Seize US Weapons Depot in Georgia Why are redditors generally supportive of Russias invasion of Georgia but critical of Americas in Iraq Johann Hari We need to stop being such cowards about Islam US officials have said that their military presence in Georgia will now become permanent Israel clears troops who killed Reuters cameraman Unenforceable laws encourage cops to escalate their tactics until tragedy occurs What Chinese pollution really looks like Hacker Kidnaps and Tortures Informant Posts Picture as Warning to Others Bush Tells Putin This Aggression Will Not Stand Georgia is all about the oil pipelines Rivals say they plan to remove Georgian president
2008-08-18,In an Afghan prison the majority of female prisoners are serving  year sentences for being victims of rape Little girl you re not ugly they are Pakistan Musharraf to Resign Leave the Country Tornado throws bus in Poland captured by one of the passengers Britain terror laws have left me and my family shattered Iran fires satellite into space Rights of Non Muslims restricted by new Maldives constitution Tour of Tskhinvali undercuts Russian version of fighting The Great Resource War is already underway mainly in the Middle East but also in smaller skirmishes scattered areas around the world disguised to many as the Global War on Terror Over   US contractors working in Iraq Russia moves SS  missiles into Georgia US defense official President says he is resigning to avoid an impeachment battle that would harm the nation interests Democratic Georgia shuts down an opposition TV channel owned by Russians New Cold War is an option Russian parliamentarian Georgian Situation Continues the Quest for The Prize of Oil Money and Power MI seeks gay spies New porn channel lets Canadians strut their stuff The Dangerous Neighbor Vladimir Putin Takes on Powerless West Israel opinion page Russians are saner NATO Hour Georgian President Saakashvili Eats His Tie on Live TV No Chicken Left Behind Animal RFID Surveillance Arrives in Force Putin has given us an order that everyone must leave or be shot National DNA database grows on the genes of the innocent Mayor Asks Ugly Women To Visit His Town
2008-08-19,Man arrested and locked up for five hours after taking photo of police van ignoring no entry sign The US missile defence system is the magic pudding that will never run out Schrder lambasted for blaming Russian conflict on Georgia Officials  French soldiers killed near Kabul These ten laws make China totalitarian wasteland Russia seizes US vehicles Muslims are only of Denmark million people but make up majority of the country convicted rapists Practically all the female victims are non Muslim Taliban Forces Kill  French Soldiers and Raid Base Assaults kidnappings and killings of humanitarian aid workers have more than doubled in the past five years South Ossetia Isn Kosovo Finally an Olympic image to take your mind off Michael Phelps pic New York laser graffiti artist detained indefinitely in Beijing for Tibet Protest art US left isolated over Nato plans to maintain relations with Russia Driven Shai Agassi Audacious Plan to Put Electric Cars on the Road NATO freezes Russian ties over Georgia Brazil Will Play Military War Game to Defend Recently Discovered Offshore Oil   fine for British woman caught sharing game online  year old grandma is oldest person on Facebook Today years ago August th  Bombing of the UN headquarters in Iraq US national Ken Haywood whose computer was found to send threat emails after serial bomb blasts in India flees the country Taliban kill  French troops near Afghan capital Not Everybody Loves Offshore Wind Power in Spain Taliban Forces Kill  French Soldiers and Raid Base Pakistan is more democratic than America Blaze engulfs Egyptian parliament
2008-08-20,Two elderly Chinese women have been sentenced to year of re education through labor after they sought permit to demonstrate in an official Olympic protest area The Power of Islam The Human Rights Council at the United Nations has now banned any criticism regarding Sharia Law and human rights in the Islamic World We had  times more military soldiers in the first Gulf War than contractors In the current Iraq war the ratio live here on less than dollar month Obama brother Kenya shanty town Russia sends aircraft carrier to Syria The American people should be eternally grateful to Old Europe for having spiked the Bush McCain plan to bring Georgia into NATO Abkhazia officially appeals to Russia for independence Russia warns of response beyond diplomacy against US missile shield India Sets Aside  of Regional Wasteland for Jatropha Biodiesel Production Elderly Chinese Women Sentenced to Labor Re education After Applying for Permission to Protest at the Olympics Plane skids off runway in Madrid Taliban mount ferocious assaults on allied targets  Feared Dead In Spanair Plane Crash In Madrid Was Western Intelligence involved in terrorist attacks in India westerners computer Internet connection was used to send terror mail minutes before Ahmedabad blasts Spanish Freedom of Speech Dies an Ignoble Death so that Spanish Parasites Will Not be Offended Grote Markt PIC Russia has informed Norway that it plans to cut all military ties with NATO What Are the Aims of this War French Opposition Demands Rethink of Afghanistan Mission Bush Covered up Musharraf Ties with Al Qaeda Mikhail Gorbachev Russia Never Wanted War Germans urge tougher laws after new privacy scandal The Time of the Wimps Dialogue with Russia Is the Only Choice  Missile Strikes on Bin Laden May Have Backfired For moment let forget everything else and pay homage to these unsung heroes The First Solar Radio Station in Argentina
2008-08-21,British resident held in Guantanamo Bay wins legal battle to force Foreign Office to reveal torture evidence Chinese may have killed  Tibetans this week Dalai Lama Navy Ships Head to Georgia Hacker uncovers Chinese olympic fraud If you ve ever wondered what Kim Jong Il was like in grade school here you go Yes he was quite ronery Also ordered his former teacher whole family killed Russia Nuclear Threat Is More Than Words Czech President must protest aloud against the incorrect interpretation of the situation in the Caucasus  Of All Food Produced Is Wasted Before It Gets Used China sentences Alive in Baghdad blogger GRL James Powderly amp other citizen journalists to  days in jail for covering Tibet protests during the Olympics Go ahead and let Georgia declare war between NATO and Russia Now any half wit small country leader gets to audition for the role of Archduke Ferdinand Cafferty Georgia Started War with Russia vid Kazakhstan is considering diverting its oil exports away from the BTC pipeline that runs through Georgia and using Russia instead The reason Russia threatens sale of offensive weapons to Israel enemies Belfast Police Confiscate Boardgame In Terrorist Crackdown World Oldest Man Dies At The Age Of  Russia condemns US missile deal NATOs decision to freeze relations with Moscow and Washingtons inept handling of Pakistan are strategic foreign policy mistakes Sweet Sixteen or Fraudulent Fourteen Hackers unearth more underage gymnast allegations If Russias feeling churlish they can pretty much bring to grinding halt any kind of coercive actions Chinese Gymnasts  Official Document Shows Suicide attack kills at least  at Pakistan arms factory The Abkhazian Parliament has approved an official appeal to Russia to recognise its independence Georgia Bulgaria and the Second Balkan War afoe Fistful of Euros European Opinion Terrorist reveals Pak sinister designs on India International Olympic Committee launches probe into He Kexin age
2008-08-22,Syria says its ready to put Russian missile system on its soil as counterweight to plans to deploy missile shield in Poland and the Czech Republic Superclass new book over the past several decades global elite has emerged whose connections to each other have become more significant than their ties to their home nations and governments Georgia did not believe Russia would respond to its offensive in South Ossetia and was completely unprepared for the counter attack the deputy defence minister has admitted Ossetian leader admits conducting ethnic cleansing Report Push for Iraq War Preceded Intelligence FIndings Russia Capitalizes on Bush New World Disorder Americans including James Powerderly arrested at Olympics as China Clamp Downs on Pro Tibetan Groups Prohibited Places FOIA request refused by UK Ministry of Justice on the grounds of cost time An acute water shortage in the West Bank has become so severe that most families are too poor to buy water Australian Privacy Awareness Week British Government Stole Entire Island and Gave it to the Son of leading Iraqi Sunni politician charged with planting bomb in house belonging to Shiite family How educational is Chinese re education camp Not very peacekeeping troops with armoured cars and helicopters would remain inside Georgia for the foreseeable future It Something About Denmark Why Danes Are the World Happiest People The Chinese Women Gymnasts May Lose Their Gold Medals led coalition kills  Afghan civilians China to Overtake UK on Renewable Energy Production Pakistan Ruling Party Nominates Slain Bhutto Husband for President Three men held in terror probe linked to threats to kill Gordon Brown The hands over military secrets to Moscow Fire Marshal Handcuffs Woman for Swearing UK economy comes to standstill  year old boy discovered The Meaning of Life Olympics Medal time line  at 
2008-08-25,Korea Kim died in  replaced by lookalike says Waseda professor Secret prison on Diego Garcia confirmed Israel claims allowing an aid ship to reach Palestine is dangerous precedent amp will use deadly force response out of proportion to the threat What dangerous precedent could this create Pedophile attempts to assault and kidnap child Mother beats pedophile on head with pipe Nobody upset Wealthy Mexicans terrified of soaring kidnapping rates are spending thousands of dollars to implant tiny transmitters under their skin If the weapon states are not prepared to rid themselves of nuclear weapons why would other states continue to deny themselves the kind of leverage that these weapons bring Israeli Report Guards regularly abuse inmates Flashback Naked drunk surrounded by sex toys it the Israeli ambassador Russia to recognize Georgia rebel regions Iraqi Teenage Girl Wearing Explosives Turns Self in to Police Iceland Armed Forces Unveils Mecha Bjrk PIC Swiss engineers nuclear black market and the CIA Israel releases  Palestinian prisoners Let rewrite history new historical concept Stalin terror was development tool The Puppet Masters Behind Georgia President Saakashvili Gold Farming Comparable In To India Entire Outsourcing Industry SHOCK Amsterdam Smoking Ban Doesn Apply to Weed Refugee camp in Darfur under direct attack  Globally the Coldest Year of the Century So Far Mosab Hassan Yousef son of Hamas leader becomes Christian Victims Of Nigerian Scams Giving Nigeria Bad Name Claims Nigerian Official Russia accused of violating ceasefire deal Four killed in Kashmir protests When Islamic terrorist organization donates UK child protection database will be used to prosecute young people
2008-08-26,North Korea halts denuclearisation after US fails to remove them from list of states sponsoring terrorism  Children Among Dead in US Airstrike in Afghanistan The Russian Parliament has voted overwhelmingly to officially recognize the independence of Abkhazia and South Ossetia Violent animal rights activists set fire to scientist home very little protection available for scientists NBC censored that Olympic champion Matthew Mitcham is gay UN says convincing evidence shows US airstrike in Afghanistan killed  people including  children Italy tries to outlaw Islam Mystery virus kills  Israeli group Peace Now says settlement construction in the occupied West Bank has nearly doubled since last year Revealed Britain secret propaganda war against al Qaida Israel settlement surge draws Rice criticism Solar Powered Carbon Neutral Pyramid to House Million People in Dubai Russia claims Proof of Genocide How NATO transformed from military alliance into quasi United Nations Cartwheeling Banned in School Philly area activists released by China Jeff said he was slapped around and threatend with them saying Do you want your head cut off or do you want to be shot Vatican describes Hindu attack on Christian orphanage as sin against God Protesters tell tales of Beijing detention sleep deprivation threats oh my Python kills zookeeper Kelly was Murdered Says UK Intelligence Insider Fury as image of Myra Hindley appears in Best of British film at  Olympics party North Korea to suspend nuclear disablement Germans suspect Bayer pesticide in beehive collapse Research on terrorism is invaluable but we do it under fear of arrest Top US diplomat escapes gun attack in Pakistan
2008-08-27,Photos of  year old Iraqi suicide bomber who gave herself up London Olympics Tacky  handover show attacked by British bloggers Fascist close to taking over Thailand They want to replace the democracy with system that would be dominated by appointees from the bureaucracy and the military Iraq says sought troop presence to  Indian state erupts in violence after Hindu shot majority of Russians back the Putin Medvedev government and are excited about the return of Russia as superpower US doves bring to Georgia Tomahawk Land Attack Missiles Russia cruiser to test weapons in crowded Black Sea Korea Angered By US Non Commitment of Promise Flashes Its Plutonium Capability Trump Card One man China crusade World Bank One Third of World Poor in India  of India population live Below Poverty Line  day   live on less than day which is more than Sub Saharan Africa The Free Gaza Movement forced the Israeli government to issue fundamental policy change regarding their military and economic blockade of Gaza soldiers say they executed Iraqis on riverbank BBC denies interference in al Qaida coverage Three drug hitmen die in attack on Mexican army when hitman are going after the army there problem Must We Help Georgia BBC West condemns Russia over Georgia WEST OF Archaeologists unearth  year old mummy in Peruvian capital Ossetian leader accuses US of genocide Egypt urges end to Israel threats Quake strikes Russia Siberian region Backgrounder Basic facts about Abkhazia Sudan hijackers free passengers in Libya Black Sea Fleet ships start tracking NATO guests UK makes Atlantic sea bed claim
2008-08-28,Military help for Georgia is declaration of war says Moscow Western Media Mislead Public on Georgia Russia Conflict VIDEO Conservative foreign affairs magazine the US should cooperate with Iran on energy to balance Russian influence Dalai Lama admitted to hospital British journalism student gang raped by asylum seekers in Calais squatter camp they call The Jungle Russia Military help for Georgia is declaration of war Airline removes life vests to lower weight save on fuel In Defiance of the US Israel Pushes Ahead with Settlement Expansion Test of Russian New Long Range TOPOL Missile That Evades Defensive Anti missile Defense Systems Successfully Done Russia wins backing from China and Central Asia over Georgia Baby life saved by mail Diplomat Russia plans to raise navy presence in Syria Embarrasing Public Rift in US State Department Sparks International Furor Russia Texan may have been helping Georgia Germany Man Arrested for Kidnapping Daughter to Stop Marriage to Non Muslim Relief agencies criticize US military humanitarians The History Channel For Adults Poor struggle as rat meat prices soar Iran condemned for surge of youth hangings The Economist is now publishing anti Russia propaganda British paedophiles can opt for chemical castration Two headed baby dies in Bangladesh after developing breathnig complications Pentagon OK Missile Sale to Taiwan Poti the hottest place in the new cold war Disabled Russian Journalist Jailed for Beating Cops
2008-08-29,Russian Prime Minister Vladimir Putin has accused the US of provoking the conflict in Georgia possibly for domestic election purposes who is Michael Lee White resident of Houston born in  Georgia has decided to cut diplomatic ties with Russia days after Moscow recognised the independence of Georgia two breakaway regions Mexico City abortion rights law is upheld Things are getting rough south of the border Mexicans are chipping themselves using GPS tracking and bullet proofing everything for security purposes Bosnia Overcomes Ancient Ethnic and Religious Divisions to Unite in Anger Against Gay Festival Guerrilla Gardening Vigilante Green Thumbs Illegally Plant in Public Places Dwindling Army Applications Afghanistan Puts Germans Off Military Career India Floods Manmade Disaster UK Private security workers and local government officials have police powers to stop and fine people for littering dog crap and other minor offenses  headless bodies discovered by Mexican farmer in Yucatan Putin Created Georgia Conflict Ossetia will become Russian Citizen Georgian Commando Return of the apartheid party In South Africa Somali pirates growing threat to shipping Sadr Announces Suspension of Mahdi Army Indefinitely Iraq Palestinians still live in fear Russia to sign accord for bases in South Ossetia report Hugo Chavez supports independence of South Ossetia and Abkhazia China refuses to endorse Russia move on Goergian Seperatists Source Israel ready to stop Iranian nukes blogger takes office in Malaysia Bosnian Serb wartime leader Radovan Karadzic refused to enter plea Friday before the UN war crimes tribunal which he dismissed as court of NATO Cuba to try anti Castro punk rocker Gorki Aguila
2008-09-02,girl filmed Israeli soldiers brutality Since then her family has been the victim of revenge attacks The Dutch have recalled spy from Iran citing plan to attack Iran with unmanned aircraft within few weeks An Israeli news source confirmed preparations for military strike against Iran Japanese wives hire professional seducers to set up hubby for divorce File under It just ain fair Japans Prime Minister Resigns State of emergency declared in Bangkok Judge Says Human Rights Case Against ExxonMobil Can Move Forward Israelis guilty of Hebron killing Thirst presentation about water shortage is the World Best Presentation for  on SlideShare Russia Says US May Have Sent Weapons To Georgia Dutch intel US to strike Iran in coming weeks Iran news Jerusalem Post Gareth Porter notes how the US has easily applied double standard to condemn Russia Israeli army targets family over brutality film While we debate over offshore drilling and lifting gas taxes China is planning to build the world fastest train at mph Nabucco Pipeline suddenly given lot of importance by Turkey et al after conflicts in Georgia Million Homeless Approx Million Affected After Floods in Bahir India Thailand prime minister calls state of emergency According to the NIC CIA Pakistan is slated to become failed state by  as it would be affected by civil war complete Talibanisation and struggle for control of its nuclear weapons WAR WARNING Russia Warns Rothschild European Union NAYO Super Power Mexico Supreme Court upholds abortion law Death Penalty Campaign Neo Nazis Exploit Public Anger Over Girl Murder Germany From East Africa to South Asia the US is disengaging in the former hot spots of the War on Terror Its quiet admission that Bushs foreign policy has failed BBC NEWS Europe Police break up Ingush protest One man fetid open sewer is another man gold mine Lula suspends Brazil spy chiefs over phone taps Apprently  Game Losing Streak ain THAT bad
2008-09-03,Poland Legalization of Marijuana two majour steps in the right direction What REALLY happening between Russia and the As Brazil begins to tap its immense oil reserves it is bucking the tradition of giving all the profits to the upper class Surveillance in Box Siemens has developed software to pool and sort data from telephone calls email and internet activity bank transactions and insurance records US confronts Russia as Cheney flags deep interest in ex Soviet zones Spanish judge seeks information on civil war dead US gives bn to rebuild Georgia Oil prices likely to drop below  due to falling demand and stronger dollar according to Reuters Ukrainian President Viktor Yushchenko has threatened to dissolve parliament and call elections after the collapse of the country ruling coalition B Spent By Evil Saudis To Spread Islam Globally Second Russian journalist in three days killed Gov Triggers Official Inquiry into Alleged CIA Prisons in Poland Sudden death after arrest may be new syndrome nothing to do with tasers or beatings of course The French Ban TV for Children Under Three Third US Navy ship heads for Georgia The Medvedev Doctrine and American Strategy Stratfor Russia Makes Clear Its Intentions More Canadian Soldiers Die Wounded Britian Big Brother CCTV system proves to be waste Scotland Could Boost UK Hydropower by  Tensions between Russia and threaten space station North Korea begins reassembling nuclear facility Iraq Iraqi army readies for showdown with Kurds World news The Guardian Persia Ancient Soul of Iran In Iran women rights activists score victory on marriage legislation Vladimir Putin picked as world most influential person
2008-09-04,Security guards beat man at soccer football game fans and players charge the field and beat them Troops cross border into FUCKING Pakistan confirms ground assault against Taliban inside Pakistan Sept  am Syria has made an official proposal to Israel for direct peace talks Assad says We are awaiting Israel response The two countries have been at war for  years Pakistan condemns US over raid could never have imagined that they would bomb my wedding party They killed my entire family will never forgive them Japan Anti terrorism Law Serves Interests Israeli warplanes violate Lebanese airspace break sound barrier twice over Tyre Abramoff jailed for corruption Pakistan reacts with fury after up to  die in American attack on its soil Before hauling parts of its mothballed nuclear reactor out of storage this week North Korea notified the United States that it intended to reassemble the nuclear plant US Somalia Policy Likely to Bring Blowback Pakistan protests to envoy over border raid Zionism was there to transform the Bible from spiritual text into land registry Will Business Ever Take Human Rights Seriously Syria makes peace proposal to Israel London brothels offer sex for GBP Israel continues to be favorite destination for the trafficking of women for the sex industry also known as the white slave trade Pakistan reacts with fury after up to  die in American attack on its soil The Second Cold War and Corporate Security Stratfor Report Analysis Increasingly Hamas is gaining acceptance in the Arab world general reassures Japan over nuclear carrier Junkie elephant gets weaned off the smack after undergoing detox programme Fears for Ukraine as pro west coalition fails Rallies in support of elections boycott held by Belarusian expat community Pakistan ground assault marks new strategy
2008-09-05,In Jordan the honor killings that are not Women are murdered for other reasons but when caught the guilty claim it is an honor killing to obtain lenient sentencing Navy Ship Arrives at Georgian Port Where Russia Has Troops At least five people have been killed in another suspected US missile strike on militant targets in Pakistan border region Pakistani officials say Polish prosecutors probe possible CIA jail Reuters Russian Lawmaker Says Moscow to Deploy Weapons Near Poland Petraeus says Qaeda still undefeated in Iraq Storm hit Haitians starve on rooftops French Government to store personal information on people as young as  Among many bald statements one stuck out Israel is now ready to destroy three or four nuclear sites out of  in Iran Euro Parliament ruling means Britons could be convicted in absence Russian archaeologists find long lost Jewish capital Iran says again it has no plans to possess nuclear weapons Syria Israel must respect  border CIA Prisons in Poland Story of Revelation Lavrov rejects Cheney attack on Russia On Monday received my Palestinian citizenship on Tuesday was already in an Israeli jail Taliban trophy photos horrify France Free gas creates chaos an EA marketing ploy think they need to do it more France stunned at photos of Taliban fighters with trophies taken from  French soldiers killed in Afghanistan Pakistan Parliament calls for action against future military incursions repel such attacks in the future with full force NYC School Teacher Missing please read and pass along Commandos nearly exposed in Syria The number of girls in poor countries who marry before the age of  will double to  million in the next decade Okay so it looks like we re moving increasingly into WWIII territory but does the worldnews subreddit logo have to imply that all world news is about war and violence Jim Crow alive and well in Hebron
